Title,Director,Cast,Genre,Release Date
JANUARY,2,The Mummy Murders,Gravitas Ventures,"Colin Bressler (director/screenplay); Will Donahue (screenplay); Leila Annastasia Scott, Jason Scarbrough, Jeff Caperton, Will Donahue, Aimee Michelle, Destiny Soria, Cole Springer, Isak Tufic"
3,Self Reliance,Neon/Hulu/MRC/Paramount Global Content Distribution,"Jake Johnson(director/screenplay); Jake Johnson,Anna Kendrick,Natalie Morales,Mary Holland,Emily Hampshire,Christopher Lloyd,Wayne Brady,Andy Samberg",[4]
4,DarkGame,Gravitas Ventures,"Howard J. Ford(director); Gary Grant,Niall Johnson(screenplay);Ed Westwick, Andrew P. Stephen, Natalya Tsvetkova, Lola Wayne, Rory Alexander,Rose Reynolds",[5]
5,Night Swim,Universal Pictures/Blumhouse Productions/Atomic Monster,"Bryce McGuire (director/screenplay);Wyatt Russell,Kerry Condon, Amélie Hoeferle,Gavin Warren",[6]
12,The Beekeeper,Metro-Goldwyn-Mayer/Miramax,"David Ayer(director);Kurt Wimmer(screenplay);Jason Statham,Emmy Raver-Lampman,Josh Hutcherson, Bobby Naderi,Minnie Driver,Phylicia Rashad,Jeremy Irons",[13]
17,Wanted Man,Quiver Distribution/Millennium Media,"Dolph Lundgren(director/screenplay);Michael Worth, Hank Hughes (screenplay); Dolph Lundgren,Kelsey Grammer, Christina Villa,Michael Paré,Roger Cross",[21]
19,I.S.S.,Bleecker Street/LD Entertainment,"Gabriela Cowperthwaite(director); Nick Shafir (screenplay);Ariana DeBose,Chris Messina,John Gallagher Jr.,Masha Mashkova,Costa Ronin,Pilou Asbæk",[22]
23,Murder and Cocktails,905 Productions / Vision Films,"Henry Barrial (director); Ron Jackson (screenplay); Jason Bernardo, Jessicah Neufeld,Colleen O'Shaughnessey, Ricardo Molina,Lucy Boryer, Brian Lally, Nerissa Tedesco,Caroline Amiguet,Jeff Nimoy",[27]
24,Beautiful Wedding,Voltage Pictures/Wattpad Studios,"Roger Kumble(director/screenplay);Jamie McGuire(screenplay);Dylan Sprouse,Virginia Gardner,Libe Barer,Austin North, Neil Bishop,Alex Aiono, Micky Dartford, Jack Hesketh, Declan Laird, Trevor Van Uden",[28]
26,Miller's Girl,Lionsgate/Point Grey Pictures,"Jade Halley Bartlett (director/screenplay);Martin Freeman,Jenna Ortega,Dagmara Domińczyk,Bashir Salahuddin,Christine Adams,Gideon Adlon",[29]
30,There Is a Monster,Gravitas Ventures,"Mike Taylor (director/screenplay); Joey Collins, Ena O'Rourke, Jesse Milliner, MerryRose Howley",[36]
FEBRUARY,2,Argylle,Universal Pictures/Apple Studios/Marv Studios,"Matthew Vaughn(director);Jason Fuchs(screenplay);Bryce Dallas Howard,Sam Rockwell,Bryan Cranston,Catherine O'Hara,Henry Cavill,Sofia Boutella,Dua Lipa,Ariana DeBose,John Cena,Samuel L. Jackson"
9,Lisa Frankenstein,Focus Features,"Zelda Williams(director);Diablo Cody(screenplay);Kathryn Newton,Cole Sprouse,Liza Soberano, Henry Eikenberry,Joe Chrest,Carla Gugino",[46]
13,ElemenTory,Vision Films,"Terrence Arlyn (director/screenplay); Shaun Paul Costello, Juliette Valdez,Big Daddy Kane,Glenn Plummer, Charles W Harris III",[51]
14,Bob Marley: One Love,Paramount Pictures/Plan B Entertainment/Tuff Gong Pictures,"Reinaldo Marcus Green(director/screenplay);Zach Baylin,Frank E. Flowers,Terence Winter(screenplay);Kingsley Ben-Adir,Lashana Lynch,James Norton",[14]
16,This Is Me... Now: A Love Story,Amazon MGM Studios/Nuyorican Productions,"Dave Meyers(director);Jennifer Lopez(screenplay); Jennifer Lopez,Joe Cartagena,Kim Petras,Austin Post,Sofía Vergara,Jenifer Lewis,Jay Shetty,Neil deGrasse Tyson,Sadhguru,Derek Hough,Ben Affleck",[57]
22,"Lovely, Dark, and Deep",XYZ Films,"Teresa Sutherland (director/screenplay);Georgina Campbell,Nick Blood,Wai Ching Ho",[63]
23,Drive-Away Dolls,Focus Features/Working Title Films,"Ethan Coen(director/screenplay);Tricia Cooke(screenplay);Margaret Qualley,Geraldine Viswanathan,Beanie Feldstein,Colman Domingo,Pedro Pascal,Bill Camp,Matt Damon",[64]
24,Blue Christmas,Dreampost Media,"Max Allan Collins(director/screenplay); Rob Merritt, Alisabeth Von Presley, Chris Causey",[70]
27,The Neon Highway,Sessions Production Payroll / Mountain Movies,"William Wages (director/screenplay); Phillip Rob Bellury (screenplay);Rob Mayes,Beau Bridges,Sam Hennings,T.J. Power,Lee Brice,Pam Tillis",[71]
MARCH,1,Dune: Part Two,Warner Bros. Pictures/Legendary Pictures,"Denis Villeneuve(director/screenplay);Jon Spaihts,Eric Roth(screenplay);Timothée Chalamet,Zendaya,Rebecca Ferguson,Josh Brolin,Austin Butler,Florence Pugh,Dave Bautista,Christopher Walken,Léa Seydoux,Souheila Yacoub,Stellan Skarsgård,Charlotte Rampling,Javier Bardem"
7,Ricky Stanicky,Amazon MGM Studios,"Peter Farrelly(director/screenplay); Brian Jarvis, James L. Freeman,Jeffrey Bushell,Steve Oedekerk(screenplay);Zac Efron,John Cena,Jermaine Fowler,Andrew Santino,Lex Scott Davis,William H. Macy",[78]
8,Kung Fu Panda 4,Universal Pictures/DreamWorks Animation,"Mike Mitchell(director);Jonathan Aibel, Glenn Berger,Darren Lemke(screenplay);Jack Black,Awkwafina,Bryan Cranston,James Hong,Ian McShane,Ke Huy Quan,Dustin Hoffman,Viola Davis",[80]
11,The Primevals,Full Moon Entertainment/Castel Film Romania,"David W. Allen(director/screenplay);Randall William Cook(screenplay); Richard Joseph Paul,Juliet Mills,Leon Russom, Walker Brandt,Robert Cornthwaite",[89]
13,Little Wing,Paramount+/Awesomeness Films,"Dean Israelite(director);John Gatins(screenplay);Brian Cox,Kelly Reilly,Brooklynn Prince, Che Tafari, Lowell Deo,Trinity Jo-Li Bliss",[90]
15,Arthur the King,Lionsgate/Entertainment One/Tucker Tooley Entertainment,"Simon Cellan Jones(director);Michael Brandt(screenplay);Mark Wahlberg,Simu Liu,Juliet Rylance,Nathalie Emmanuel,Ali Suliman,Bear Grylls,Paul Guilfoyle",[91]
19,Bardejov,Gravitas Ventures,"Danny A. Abeckaser(director); Shmuel Lynn (screenplay); Danny A. Abeckaser, Julian Brass,Robert Davi, Kyle Stefanski, Dean Miroshnikov, Darren Weiss, Omer Hazan",[99]
21,Road House,Amazon Prime Video/Metro-Goldwyn-Mayer/Silver Pictures,"Doug Liman(director); Anthony Bagarozzi,Chuck Mondry(screenplay);Jake Gyllenhaal,Daniela Melchior,Billy Magnussen,Jessica Williams,Darren Barnet,Arturo Castro,J.D. Pardo,Conor McGregor",[78]
22,Ghostbusters: Frozen Empire,Columbia Pictures/Ghost Corps/TSG Entertainment,"Gil Kenan(director/screenplay);Jason Reitman(screenplay);Paul Rudd,Carrie Coon,Finn Wolfhard,Mckenna Grace,Kumail Nanjiani,Patton Oswalt,Celeste O'Connor, Logan Kim,Emily Alyn Lind,James Acaster,Bill Murray,Dan Aykroyd,Ernie Hudson,Annie Potts,William Atherton",[101]
26,Easter Bloody Easter,WallyBird Productions,"Diane Foster (director); Allison Lobel (screenplay); Miles Cooper, Diane Foster, Kelly Grant, Allison Lobel, Zuri Starks, D'Andre Noiré",[109]
29,Godzilla x Kong: The New Empire,Warner Bros. Pictures/Legendary Pictures,"Adam Wingard(director);Terry Rossio,Simon Barrett,Jeremy Slater(screenplay);Rebecca Hall,Brian Tyree Henry,Dan Stevens,Kaylee Hottle,Alex Ferns,Fala Chen",[110]
APRIL,4,Música,Amazon MGM Studios/Wonderland Sound and Vision,"Rudy Mancuso(director/screenplay);Dan Lagana(screenplay); Rudy Mancuso,Camila Mendes,J.B. Smoove,Francesca Reale, Maria Mancuso"
5,The First Omen,20th Century Studios/TSG Entertainment,"Arkasha Stevenson(director/screenplay); Tim Smith,Keith Thomas(screenplay);Nell Tiger Free,Tawfeek Barhom,Sônia Braga,Ralph Ineson,Bill Nighy,Charles Dance",[114]
12,Civil War,A24/DNA Films/IPR.VC,"Alex Garland(director/screenplay);Kirsten Dunst,Wagner Moura,Cailee Spaeny,Stephen McKinley Henderson,Sonoya Mizuno,Nick Offerman,Jesse Plemons",[123]
19,Abigail,Universal Pictures/Radio Silence Productions,"Matt Bettinelli-Olpin,Tyler Gillett(directors); Stephen Sheilds,Guy Busick(screenplay);Melissa Barrera,Dan Stevens,Kathryn Newton,Will Catlett,Kevin Durand,Angus Cloud,Alisha Weir,Giancarlo Esposito",[134]
23,Downtown Owl,Stage 6 Films,"Hamish Linklater,Lily Rabe(directors); Hamish Linklater (screenplay); Lily Rabe,Ed Harris,Vanessa Hudgens, August Blanco Rosenstein,Jack Dylan Grazer, Arianna Jaffier,Finn Wittrock,Henry Golding",[141]
26,Challengers,Metro-Goldwyn-Mayer/Frenesy Film Company/Pascal Pictures,"Luca Guadagnino(director);Justin Kuritzkes(screenplay);Zendaya,Josh O'Connor,Mike Faist",[142]
MAY,2,The Idea of You,Amazon MGM Studios,"Michael Showalter(director/screenplay);Jennifer Westfeldt(screenplay);Anne Hathaway,Nicholas Galitzine"
3,The Fall Guy,Universal Pictures/87North Productions,"David Leitch(director);Drew Pearce(screenplay);Ryan Gosling,Emily Blunt,Aaron Taylor-Johnson,Hannah Waddingham,Teresa Palmer,Stephanie Hsu,Winston Duke",[151]
9,Mother of the Bride,Netflix/Living Films,"Mark Waters(director);Robin Bernheim(screenplay);Brooke Shields,Miranda Cosgrove,Benjamin Bratt,Chad Michael Murray,Rachael Harris",[159]
10,Kingdom of the Planet of the Apes,20th Century Studios/TSG Entertainment,"Wes Ball(director);Josh Friedman(screenplay);Owen Teague,Freya Allan,Kevin Durand,Peter Macon,William H. Macy",[160]
17,IF,Paramount Pictures/Sunday Night Productions/Maximum Effort,"John Krasinski(director/screenplay);Cailey Fleming,Ryan Reynolds, John Krasinski,Fiona Shaw,Phoebe Waller-Bridge,Louis Gossett Jr.,Alan Kim,Liza Colón-Zayas,Steve Carell",[167]
21,Darkness of Man,Saban Films,"James Cullen Bressack(director/screenplay); Alethea Hnatko-Cho (screenplay);Jean-Claude Van Damme,Kristanna Loken, Emerson Min,Spencer Breslin,Sticky Fingaz,Shannen Doherty",[174]
24,Furiosa: A Mad Max Saga,Warner Bros. Pictures/Kennedy Miller Mitchell,"George Miller(director/screenplay);Nico Lathouris(screenplay);Anya Taylor-Joy,Chris Hemsworth,Tom Burke,Alyla Browne",[176]
28,The Legend of Catclaws Mountain,Lionsgate Home Entertainment,"Ritchie Greer (director/screenplay); Bob Lee Dysinger (screenplay); Hayden Hishaw,James Duval,Robert Davi,Dee Wallace,Ilia Volok,Ricco Ross",[182]
31,Young Woman and the Sea,Walt Disney Pictures/Jerry Bruckheimer Films,"Joachim Rønning(director);Jeff Nathanson(screenplay);Daisy Ridley,Tilda Cobham-Hervey,Stephen Graham,Kim Bodnia,Christopher Eccleston,Glenn Fleshler",[183]
JUNE,5,Boneyard,Lionsgate,"Asif Akbar (director/screenplay); Vincent E. McDaniel, Hank Byrd, Koji Steven Sakai (screenplay);Mel Gibson,Curtis Jackson,Brian Van Holt,Nora Zehetner,Gabrielle Haugh"
6,Am I OK?,Max/Warner Bros. Pictures/Gloria Sanchez Productions,"Tig Notaro,Stephanie Allynne(directors); Lauren Pomerantz (screenplay);Dakota Johnson,Sonoya Mizuno,Jermaine Fowler,Kiersey Clemons,Molly Gordon,June Diane Raphael, Tig Notaro,Sean Hayes",[193]
7,Bad Boys: Ride or Die,Columbia Pictures/Jerry Bruckheimer Films/Westbrook Studios/TSG Entertainment,"Adil and Bilall(directors); Chris Bremner,Will Beall(screenplay);Will Smith,Martin Lawrence,Vanessa Hudgens,Alexander Ludwig,Paola Núñez,Eric Dane,Ioan Gruffudd,Jacob Scipio,Melanie Liburd,Tasha Smith,Tiffany Haddish,Joe Pantoliano",[194]
11,Killer of Men,Quiver Distribution,"Tzvi (director/screenplay); Jon Peterson, Stacie Brown, Paquito G. Myers, Noah Forrest, Sergio Beltran",[201]
14,Inside Out 2,Walt Disney Pictures/Pixar Animation Studios,"Kelsey Mann(director);Meg LeFauve, Dave Holstein (screenplay);Amy Poehler,Maya Hawke, Kensington Tallman,Liza Lapira,Tony Hale,Lewis Black,Phyllis Smith,Ayo Edebiri,Lilimar, Grace Lu, Sumayyah Nuriddin-Green,Adèle Exarchopoulos,Diane Lane,Kyle MacLachlan,Paul Walter Hauser",[202]
21,The Bikeriders,Focus Features/Regency Enterprises,"Jeff Nichols(director/screenplay);Jodie Comer,Austin Butler,Tom Hardy,Michael Shannon,Mike Faist,Boyd Holbrook,Damon Herriman,Beau Knapp,Emory Cohen,Karl Glusman,Toby Wallace,Norman Reedus",[210]
28,A Quiet Place: Day One,Paramount Pictures/Platinum Dunes/Sunday Night Productions,"Michael Sarnoski(director/screenplay);Lupita Nyong'o,Joseph Quinn,Alex Wolff,Djimon Hounsou",[167]
JULY,2,Little Deaths,Entertainment Squad,"Brian Follmer (director/screenplay); Kerri Lee Romeo, Adam Leotta, Brian Follmer, Nicole Alibayof"
3,Despicable Me 4,Universal Pictures/Illumination,"Chris Renaud(director);Mike White,Ken Daurio(screenplay);Steve Carell,Kristen Wiig,Joey King,Miranda Cosgrove,Stephen Colbert,Sofia Vergara,Chloe Fineman,Steve Coogan,Will Ferrell",[229]
4,Sound of Hope: The Story of Possum Trot,Angel Studios/DailyWire+,"Joshua Weigel (director/screenplay); Rebekah Weigel (screenplay);Elizabeth Mitchell,Demetrius Grosse, Carlos Aviles,Nika King,Sarah Hudson",[231]
5,MaXXXine,A24/Access Entertainment,"Ti West(director/screenplay);Mia Goth,Elizabeth Debicki,Moses Sumney,Michelle Monaghan,Bobby Cannavale,Halsey,Lily Collins,Giancarlo Esposito,Kevin Bacon",[233]
9,Exposure,Gravitas Ventures,"Peter Cannon (director/screenplay);Douglas Smith,Margo Harshman, Abraham Rodriguez,Ryan Whitney, Alex Feldman, Kevin McCorkle, Gary Poux, Chanel Minnifield",[238]
11,Divorce in the Black,Amazon Prime Video/Tyler Perry Studios,"Tyler Perry(director/screenplay);Meagan Good,Cory Hardrict, Joseph Lee Anderson,Taylor Polidore, Shannon Wallace,Richard Lawson,Debbi Morgan",[240]
12,Fly Me to the Moon,Columbia Pictures/Apple Studios,"Greg Berlanti(director); Rose Gilroy (screenplay);Scarlett Johansson,Channing Tatum,Jim Rash, Anna Garcia, Donald Elise Watkins,Noah Robbins,Colin Woodell, Christian Zuber, Nick Dillenburg,Ray Romano,Woody Harrelson",[241]
18,My Spy: The Eternal City,Amazon MGM Studios/STXfilms/MWM Studios,"Peter Segal(director/screenplay); Erich Hoeber, Jon Hoeber (screenplay);Dave Bautista,Chloe Coleman,Kristen Schaal,Flula Borg,Craig Robinson,Anna Faris,Ken Jeong",[249]
19,Twisters,Universal Pictures/Warner Bros. Pictures/Amblin Entertainment,"Lee Isaac Chung(director);Mark L. Smith(screenplay);Daisy Edgar-Jones,Glen Powell,Anthony Ramos,Brandon Perea,Maura Tierney,Sasha Lane",[250]
20,Lumina,Goldove / Luminamovie LLC,"Gino J.H. McKoy(director/screenplay);Eric Roberts,Ken Lawson, Emily Hall, Rupert Lazarus, Eleanor Williams, Andrea Tividar, Sidney Nicole Rogers",[258]
23,The Good Half,Utopia,"Robert Schwartzman(director); Brett Ryland (screenplay);Nick Jonas,Brittany Snow,David Arquette,Alexandra Shipp,Matt Walsh,Elisabeth Shue",[259]
26,Deadpool & Wolverine,Marvel Studios/Maximum Effort/21 Laps Entertainment,"Shawn Levy(director/screenplay);Ryan Reynolds,Rhett Reese,Paul Wernick,Zeb Wells(screenplay); Ryan Reynolds,Hugh Jackman,Emma Corrin,Morena Baccarin,Rob Delaney,Leslie Uggams,Aaron Stanford,Matthew Macfadyen",[260]
31,The Duel,Lionsgate/Grindstone Entertainment Group,"Justin Matthews, Luke Spencer Roberts (director/screenplay);Dylan Sprouse,Callan McAuliffe,Denny Love, Hart Denton,María Gabriela de Faría,Rachel Matthews,Christian McGaffney,Ronald Guttman,Patrick Warburton",[266]
AUGUST,2,Trap,Warner Bros. Pictures/Blinding Edge Pictures,"M. Night Shyamalan(director/screenplay);Josh Hartnett, Ariel Donoghue,Saleka Shyamalan,Hayley Mills,Alison Pill"
5,Trust in Love,Gravitas Ventures,"Mick Davis(director);Jimi Petulla(screenplay); Jimi Petulla, Sydney Bullock, Logan Arditty, Natasha Wilson,Eric Roberts, Tim Hazelip,Miljenko Matijevic,Robby Krieger",[275]
8,One Fast Move,Amazon MGM Studios,"Kelly Blatz(director/screenplay);KJ Apa,Eric Dane,Maia Reficco,Edward James Olmos,Austin North",[276]
9,It Ends with Us,Columbia Pictures/Wayfarer Studios/TSG Entertainment,"Justin Baldoni(director); Christy Hall (screenplay);Blake Lively, Justin Baldoni,Jenny Slate,Hasan Minhaj,Kevin McKidd,Amy Morton,Alex Neustaedter, Isabela Ferrer,Brandon Sklenar",[277]
13,Watchmen Chapter I,Warner Bros. Animation/DC Entertainment,"Brandon Vietti(director);J. Michael Straczynski(screenplay);Matthew Rhys,Katee Sackhoff,Titus Welliver,Troy Baker,Rick D. Wasserman,Adrienne Barbeau,Jeffrey Combs,Geoff Pierson,Corey Burton,John Marshall Jones,Yuri Lowenthal,Kari Wahlgren,Grey DeLisle,Kelly Hu,Max Koch,Phil LaMarr,Dwight Schultz,Jason Spisak",[283]
15,Jackpot!,Amazon MGM Studios/Roth/Kirschenbaum Films,"Paul Feig(director); Rob Yescombe (screenplay);John Cena,Awkwafina,Simu Liu",[284]
16,Alien: Romulus,20th Century Studios/Scott Free Productions/Brandywine Productions,"Fede Álvarez(director/screenplay);Rodo Sayagues(screenplay);Cailee Spaeny,David Jonsson,Archie Renaux,Isabela Merced,Spike Fearn, Aileen Wu",[285]
20,The Clean Up Crew,Saban Films,"Jon Keeyes(director); Matthew Rogers (screenplay);Jonathan Rhys Meyers,Melissa Leo,Antonio Banderas, Ekaterina Baker,Laurence Kinlan,Andy Kellegher",[293]
21,Stream,Iconic Events Releasing/ Fuzz on the Lens Productions,"Michael Leavy (director/screenplay); Steven Della Salla, Jason Leavy, Robert Privitera (screenplay); Charles Edwin Powell,Danielle Harris,Jeffrey Combs,Dee Wallace,Tim Reid,Mark Holton,Felissa Rose,Tony Todd,Daniel Roebuck,Dave Sheridan,Terry Alexander,David Howard Thornton,Damian Maffei",[294]
23,Blink Twice,Metro-Goldwyn-Mayer/Free Association,"Zoë Kravitz(director/screenplay); E.T. Feigenbaum (screenplay);Naomi Ackie,Channing Tatum,Christian Slater,Simon Rex,Adria Arjona,Kyle MacLachlan,Haley Joel Osment,Geena Davis,Alia Shawkat",[295]
27,The Exorcism of Saint Patrick,Cranked Up Films,"Quinn Armstrong (director/screenplay); Steve Pinder, Michael J. Cline, Maya Jeyam, Caitlin McWethy, Alan Tyson, Louie Kurtzman, Andrew James Myers, Erik Donley, Beau Roberts",[308]
30,Afraid,Columbia Pictures/Blumhouse Productions,"Chris Weitz(director/screenplay);John Cho,Katherine Waterston,Havana Rose Liu,Lukita Maxwell,David Dastmalchian,Keith Carradine",[309]
SEPTEMBER,3,Wolves Against the World,Good Deed Entertainment,"Quinn Armstrong (director/screenplay); Michael Kunicki, Quinn Armstrong, Jordan Mullins, Jim Azelvandre, Louie Kurtzman, Eric Six,Jacob Southwick"
6,Beetlejuice Beetlejuice,Warner Bros. Pictures/Plan B Entertainment/Tim Burton Productions/The Geffen Company,"Tim Burton(director);Alfred Gough,Miles Millar(screenplay);Michael Keaton,Winona Ryder,Catherine O'Hara,Justin Theroux,Monica Bellucci,Jenna Ortega,Willem Dafoe",[318]
10,Dead Teenagers,Good Deed Entertainment,"Quinn Armstrong (director/screenplay); Jordan Myers, Maya Jeyam, Tony White, Mary Charles Miller, Angel Ray, Chris Hahn, Beau Roberts",[308]
13,Speak No Evil,Universal Pictures/Blumhouse Productions,"James Watkins(director/screenplay);James McAvoy,Mackenzie Davis,Aisling Franciosi, Alix West Lefler, Dan Hough,Scoot McNairy",[326]
20,Transformers One,Paramount Pictures/Hasbro Entertainment/New Republic Pictures/Di Bonaventura Pictures,"Josh Cooley(director);Eric Pearson, Andrew Barrer, Gabriel Ferrari (screenplay);Chris Hemsworth,Brian Tyree Henry,Scarlett Johansson,Keegan-Michael Key,Steve Buscemi,Laurence Fishburne,Jon Hamm",[336]
24,Kill 'Em All 2,Destination Films,"Valeri Milev(director); James Agnew (screenplay);Jean-Claude Van Damme,Jacqueline Fernandez,Peter Stormare,María Conchita Alonso",[344]
26,Killer Heat,Amazon Prime Video,"Philippe Lacôte(director);Roberto Bentivegna,Matt Charman(screenplay);Joseph Gordon-Levitt,Shailene Woodley,Richard Madden",[346]
27,The Wild Robot,Universal Pictures/DreamWorks Animation,"Chris Sanders(director/screenplay);Lupita Nyong'o,Pedro Pascal,Kit Connor,Bill Nighy,Stephanie Hsu,Mark Hamill,Catherine O'Hara,Matt Berry,Ving Rhames",[347]
OCTOBER,1,Another Happy Day,Gravitas Ventures,"Nora Fiffer (director/screenplay);Lauren Lapkus, Marilyn Dodds Frank, Jean Elie,Carrie Coon"
3,'Salem's Lot,Max/New Line Cinema/Atomic Monster/Vertigo Entertainment,"Gary Dauberman(director/screenplay);Lewis Pullman,Makenzie Leigh,Alfre Woodard,John Benjamin Hickey,Bill Camp, Jordan Preston Carter, Nicholas Crovetti,Spencer Treat Clark,William Sadler,Pilou Asbæk",[359]
4,Joker: Folie à Deux,Warner Bros. Pictures/DC Entertainment,"Todd Phillips(director/screenplay);Scott Silver(screenplay);Joaquin Phoenix,Lady Gaga,Brendan Gleeson,Catherine Keener,Zazie Beetz,Steve Coogan,Harry Lawtey,Leigh Gill",[361]
7,Hellboy: The Crooked Man,Ketchup Entertainment/Millennium Media/Dark Horse Entertainment,"Brian Taylor(director/screenplay);Christopher Golden,Mike Mignola(screenplay);Jack Kesy,Jefferson White,Adeline Rudolph",[369]
10,Brothers,Amazon MGM Studios/Legendary Entertainment,"Max Barbakow(director);Macon Blair(screenplay);Josh Brolin,Peter Dinklage,Glenn Close,Marisa Tomei,Brendan Fraser",[370]
11,Terrifier 3,Cineverse,"Damien Leone(director/screenplay);Lauren LaVera, Elliot Fullam,Samantha Scaffidi,David Howard Thornton",[372]
15,9 Windows,Gravitas Ventures,"Lou Simon (director/screenplay);William Forsythe,Michael Paré",[380]
18,Smile 2,Paramount Pictures/Temple Hill Entertainment,"Parker Finn(director/screenplay);Naomi Scott,Rosemarie DeWitt,Lukas Gage,Miles Gutierrez-Riley,Peter Jacobson,Ray Nicholson,Dylan Gelula,Raúl Castillo,Kyle Gallner",[14]
22,To Fall in Love,Gravitas Ventures,"Michael Lewis Foster(director);Jennifer Lane(screenplay);Beth Gallagher,Eric Casalini, Reese Lily Buell",[387]
24,Canary Black,Amazon MGM Studios,"Pierre Morel(director); Matthew Kennedy (screenplay);Kate Beckinsale,Rupert Friend,Ray Stevenson,Saffron Burrows,Goran Kostić,Ben Miles",[346]
25,Venom: The Last Dance,Columbia Pictures/Marvel Entertainment/Arad Productions/Pascal Pictures/Hardy Son & Baker/TSG Entertainment,"Kelly Marcel(director/screenplay);Tom Hardy,Chiwetel Ejiofor,Juno Temple,Rhys Ifans,Peggy Lu,Alanna Ubach,Stephen Graham",[388]
29,Amityville: Where the Echo Lives,Lionsgate,"Carlos Ayala (director/screenplay); Sarah McDonald, Breanna Rossi, Adela Perez, Nicholas J. Barelli, Hector De Alva, Eugenia Preciado, Adelina Topleva, Olya Marynets, Simona Curkoska",[398]
30,Time Cut,Netflix,"Hannah Macpherson (director/screenplay);Michael Kennedy(screenplay);Madison Bailey,Antonia Gentry,Griffin Gluck",[383]
NOVEMBER,1,Here,TriStar Pictures/Miramax/ImageMovers,"Robert Zemeckis(director/screenplay);Eric Roth(screenplay);Tom Hanks,Robin Wright,Paul Bettany,Kelly Reilly,Michelle Dockery"
6,Meet Me Next Christmas,Netflix,"Rusty Cundieff(director); Molly Halderman, Camilla Rubis (screenplay);Christina Milian,Devale Ellis,Kofi Siriboe",[383]
7,A Sudden Case of Christmas,Shout! Studios,"Peter Chelsom(director/screenplay); Tinker Lindsay, Gianluca Bomprezzi,Neri Parenti, Federico Baccomo, Francesco Patierno (screenplay);Danny DeVito,Andie MacDowell,Wilmer Valderrama,Lucy DeVito",[408]
8,Heretic,A24,"Scott Beck, Bryan Woods(directors/screenplay);Hugh Grant,Sophie Thatcher,Chloe East",[409]
12,It's Coming,Early Autumn /Freestyle Digital Media,Shannon Alexander (director/producer),[415]
13,Hot Frosty,Netflix/Muse Entertainment,"Jerry Ciccoritti (director); Russell Hainline (screenplay);Lacey Chabert,Dustin Milligan,Craig Robinson,Joe Lo Truglio,Katy Mixon,Lauren Holly,Chrishell Stause",[383]
15,Red One,Metro-Goldwyn-Mayer/Seven Bucks Productions,"Jake Kasdan(director);Chris Morgan(screenplay);Dwayne Johnson,Chris Evans,Lucy Liu,J.K. Simmons,Kiernan Shipka,Bonnie Hunt,Kristofer Hivju,Nick Kroll",[416]
19,Swap,Red Rabbit Pictures / Tru Diamond Entertainment,"Dallas King (director/screenplay); Jessica Leila Greene, James Eastwood, Erin Anne Gray",[419]
20,The Merry Gentlemen,Netflix,"Peter Sullivan(director);Marla Sokoloff(screenplay);Britt Robertson,Chad Michael Murray, Marla Sokoloff,Beth Broderick,Michael Gross,Maxwell Caulfield",[383]
22,Wicked,Universal Pictures/Marc Platt Productions,"Jon M. Chu(director);Winnie Holzman,Dana Fox(screenplay);Cynthia Erivo,Ariana Grande,Jonathan Bailey,Ethan Slater,Bowen Yang,Marissa Bode,Peter Dinklage,Michelle Yeoh,Jeff Goldblum",[420]
25,Dear Santa,Paramount+/Paramount Pictures/Conundrum Entertainment,"Bobby Farrelly(director);Ricky Blitt,Peter Farrelly(screenplay);Jack Black,Keegan-Michael Key, Robert Timothy Smith,Brianne Howey,Hayes MacArthur,Post Malone,P. J. Byrne",[427]
26,Watchmen Chapter II,Warner Bros. Animation/Paramount Pictures/DC Entertainment,"Brandon Vietti(director);J. Michael Straczynski(screenplay);Matthew Rhys,Katee Sackhoff,Titus Welliver,Troy Baker,Rick D. Wasserman,Adrienne Barbeau,Jeffrey Combs,Geoff Pierson,Corey Burton,John Marshall Jones,Yuri Lowenthal,Kari Wahlgren,Grey DeLisle,Kelly Hu,Max Koch,Phil LaMarr,Dwight Schultz,Jason Spisak",[428]
27,Moana 2,Walt Disney Pictures/Walt Disney Animation Studios,"David Derrick Jr.(director/screenplay);Jared Bush, Dana Ledoux Miller (screenplay);Auli'i Cravalho,Dwayne Johnson, Hualālai Chung,Rose Matafeo,David Fane, Awhimai Fraser, Khaleesi Lambert-Tsuda,Temuera Morrison,Nicole Scherzinger,Rachel House, Gerald Ramsey,Alan Tudyk",[431]
28,Sweethearts,Max/New Line Cinema,"Jordan Weiss(director/screenplay); Dan Brier (screenplay);Kiernan Shipka,Nico Hiraga,Caleb Hearon,Tramell Tillman,Charlie Hall, Ava DeMary,Joel Kim Booster,Christine Taylor",[434]
29,Nutcrackers,Hulu/Rough House Pictures,"David Gordon Green(director); Leland Douglas (screenplay);Ben Stiller,Linda Cardellini,Edi Patterson,Tim Heidecker,Toby Huss",[435]
DECEMBER,4,That Christmas,Netflix Animation/Locksmith Animation/DNEG Animation,"Simon Otto(director);Richard CurtisandPeter Souter(screenplay);Brian Cox,Fiona Shaw,Jodie WhittakerandBill Nighy(cast leaders)"
6,Y2K,A24,"Kyle Mooney(director/screenplay); Evan Winter (screenplay);Jaeden Martell,Julian Dennison,Rachel Zegler,Lachlan Watson,The Kid Laroi,Mason Gooding,Fred Durst,Alicia Silverstone",[436]
13,Kraven the Hunter,Columbia Pictures/Marvel Entertainment/TSG Entertainment II/Arad Productions,"J. C. Chandor(director);Richard Wenk,Art Marcum, Matt Holloway(screenplay);Aaron Taylor-Johnson,Ariana DeBose,Fred Hechinger,Alessandro Nivola,Christopher Abbott,Russell Crowe",[309]
17,The Little Mermaid,Lionsgate,"Leigh Scott (director/screenplay); Mike Markoff, Jeff Denton, Samuel Selman, Sean Michael Argo, Winston Crooke, Steven Yniguez, Manon Laurent, Lydia Helen",[452]
20,Mufasa: The Lion King,Walt Disney Pictures,"Barry Jenkins(director);Jeff Nathanson(screenplay);Aaron Pierre,Kelvin Harrison Jr.,John Kani,Seth Rogen,Billy Eichner,Tiffany Boone,Donald Glover,Mads Mikkelsen,Thandiwe Newton,Lennie James,Anika Noni Rose,Blue Ivy Carter,Beyoncé Knowles-Carter",[260]
25,Nosferatu,Focus Features/Maiden Voyage Pictures/Studio 8,"Robert Eggers(director/screenplay);Bill Skarsgård,Nicholas Hoult,Lily-Rose Depp,Aaron Taylor-Johnson,Emma Corrin,Ralph Ineson,Simon McBurney,Willem Dafoe",[456]
27,Bloody Axe Wound,Shudder/RLJE Films,"Matthew John Lawrence (director/screenplay);Molly Brown,Jeffrey Dean Morgan,Billy Burke",[462]
